"method","rep","direction","penalty","AUC"
"MMR",1,"array_to_seq","lasso",0.845543345543346
"MMR",1,"array_to_seq","elastic_net",0.903540903540904
"MMR",1,"array_to_seq","ridge",0.452991452991453
"MMR",1,"seq_to_array","lasso",0.817460317460317
"MMR",1,"seq_to_array","elastic_net",0.903540903540904
"MMR",1,"seq_to_array","ridge",0.564102564102564
"MMR",2,"array_to_seq","lasso",0.741147741147741
"MMR",2,"array_to_seq","elastic_net",0.774725274725275
"MMR",2,"array_to_seq","ridge",0.53998778998779
"MMR",2,"seq_to_array","lasso",0.854700854700855
"MMR",2,"seq_to_array","elastic_net",0.92979242979243
"MMR",2,"seq_to_array","ridge",0.575702075702076
"MMR",3,"array_to_seq","lasso",0.843711843711844
"MMR",3,"array_to_seq","elastic_net",0.854090354090354
"MMR",3,"array_to_seq","ridge",0.589133089133089
"MMR",3,"seq_to_array","lasso",0.902319902319902
"MMR",3,"seq_to_array","elastic_net",0.921855921855922
"MMR",3,"seq_to_array","ridge",0.513125763125763
"MMR",4,"array_to_seq","lasso",0.627594627594628
"MMR",4,"array_to_seq","elastic_net",0.696581196581197
"MMR",4,"array_to_seq","ridge",0.487179487179487
"MMR",4,"seq_to_array","lasso",0.813186813186813
"MMR",4,"seq_to_array","elastic_net",0.925518925518926
"MMR",4,"seq_to_array","ridge",0.522893772893773
"MMR",5,"array_to_seq","lasso",0.767399267399267
"MMR",5,"array_to_seq","elastic_net",0.832112332112332
"MMR",5,"array_to_seq","ridge",0.534798534798535
"MMR",5,"seq_to_array","lasso",0.823565323565324
"MMR",5,"seq_to_array","elastic_net",0.865079365079365
"MMR",5,"seq_to_array","ridge",0.578754578754579
"MMR",6,"array_to_seq","lasso",0.800976800976801
"MMR",6,"array_to_seq","elastic_net",0.841880341880342
"MMR",6,"array_to_seq","ridge",0.611721611721612
"MMR",6,"seq_to_array","lasso",0.821733821733822
"MMR",6,"seq_to_array","elastic_net",0.840659340659341
"MMR",6,"seq_to_array","ridge",0.635531135531135
"MMR",7,"array_to_seq","lasso",0.703907203907204
"MMR",7,"array_to_seq","elastic_net",0.799145299145299
"MMR",7,"array_to_seq","ridge",0.498168498168498
"MMR",7,"seq_to_array","lasso",0.811965811965812
"MMR",7,"seq_to_array","elastic_net",0.822344322344322
"MMR",7,"seq_to_array","ridge",0.54029304029304
"MMR",8,"array_to_seq","lasso",0.802808302808303
"MMR",8,"array_to_seq","elastic_net",0.844932844932845
"MMR",8,"array_to_seq","ridge",0.53968253968254
"MMR",8,"seq_to_array","lasso",0.796703296703297
"MMR",8,"seq_to_array","elastic_net",0.833943833943834
"MMR",8,"seq_to_array","ridge",0.810744810744811
"MMR",9,"array_to_seq","lasso",0.63980463980464
"MMR",9,"array_to_seq","elastic_net",0.716727716727717
"MMR",9,"array_to_seq","ridge",0.576312576312576
"MMR",9,"seq_to_array","lasso",0.832112332112332
"MMR",9,"seq_to_array","elastic_net",0.827228327228327
"MMR",9,"seq_to_array","ridge",0.701465201465201
"MMR",10,"array_to_seq","lasso",0.804639804639805
"MMR",10,"array_to_seq","elastic_net",0.831501831501831
"MMR",10,"array_to_seq","ridge",0.506105006105006
"MMR",10,"seq_to_array","lasso",0.867521367521368
"MMR",10,"seq_to_array","elastic_net",0.876678876678877
"MMR",10,"seq_to_array","ridge",0.616910866910867
"MMR",11,"array_to_seq","lasso",0.674603174603175
"MMR",11,"array_to_seq","elastic_net",0.724053724053724
"MMR",11,"array_to_seq","ridge",0.464590964590965
"MMR",11,"seq_to_array","lasso",0.83028083028083
"MMR",11,"seq_to_array","elastic_net",0.864468864468864
"MMR",11,"seq_to_array","ridge",0.662393162393162
"MMR",12,"array_to_seq","lasso",0.718559218559219
"MMR",12,"array_to_seq","elastic_net",0.780830280830281
"MMR",12,"array_to_seq","ridge",0.641636141636142
"MMR",12,"seq_to_array","lasso",0.804639804639805
"MMR",12,"seq_to_array","elastic_net",0.816239316239316
"MMR",12,"seq_to_array","ridge",0.731990231990232
"MMR",13,"array_to_seq","lasso",0.78998778998779
"MMR",13,"array_to_seq","elastic_net",0.787545787545788
"MMR",13,"array_to_seq","ridge",0.687423687423687
"MMR",13,"seq_to_array","lasso",0.571428571428571
"MMR",13,"seq_to_array","elastic_net",0.807081807081807
"MMR",13,"seq_to_array","ridge",0.497557997557998
"MMR",14,"array_to_seq","lasso",0.783882783882784
"MMR",14,"array_to_seq","elastic_net",0.761904761904762
"MMR",14,"array_to_seq","ridge",0.502136752136752
"MMR",14,"seq_to_array","lasso",0.854700854700855
"MMR",14,"seq_to_array","elastic_net",0.896214896214896
"MMR",14,"seq_to_array","ridge",0.927960927960928
"MMR",15,"array_to_seq","lasso",0.734432234432234
"MMR",15,"array_to_seq","elastic_net",0.786324786324786
"MMR",15,"array_to_seq","ridge",0.486568986568987
"MMR",15,"seq_to_array","lasso",0.827228327228327
"MMR",15,"seq_to_array","elastic_net",0.865079365079365
"MMR",15,"seq_to_array","ridge",0.513736263736264
"MMR",16,"array_to_seq","lasso",0.699023199023199
"MMR",16,"array_to_seq","elastic_net",0.742368742368742
"MMR",16,"array_to_seq","ridge",0.531135531135531
"MMR",16,"seq_to_array","lasso",0.81990231990232
"MMR",16,"seq_to_array","elastic_net",0.871184371184371
"MMR",16,"seq_to_array","ridge",0.822344322344322
"MMR",17,"array_to_seq","lasso",0.764346764346764
"MMR",17,"array_to_seq","elastic_net",0.772893772893773
"MMR",17,"array_to_seq","ridge",0.497557997557998
"MMR",17,"seq_to_array","lasso",0.815018315018315
"MMR",17,"seq_to_array","elastic_net",0.835164835164835
"MMR",17,"seq_to_array","ridge",0.752747252747253
"MMR",18,"array_to_seq","lasso",0.656898656898657
"MMR",18,"array_to_seq","elastic_net",0.684981684981685
"MMR",18,"array_to_seq","ridge",0.54029304029304
"MMR",18,"seq_to_array","lasso",0.727716727716728
"MMR",18,"seq_to_array","elastic_net",0.888278388278388
"MMR",18,"seq_to_array","ridge",0.594932844932845
"MMR",19,"array_to_seq","lasso",0.807081807081807
"MMR",19,"array_to_seq","elastic_net",0.742979242979243
"MMR",19,"array_to_seq","ridge",0.525641025641026
"MMR",19,"seq_to_array","lasso",0.852869352869353
"MMR",19,"seq_to_array","elastic_net",0.865079365079365
"MMR",19,"seq_to_array","ridge",0.612637362637363
"MMR",20,"array_to_seq","lasso",0.797313797313797
"MMR",20,"array_to_seq","elastic_net",0.85042735042735
"MMR",20,"array_to_seq","ridge",0.570818070818071
"MMR",20,"seq_to_array","lasso",0.818070818070818
"MMR",20,"seq_to_array","elastic_net",0.86996336996337
"MMR",20,"seq_to_array","ridge",0.805250305250305
"MMR",21,"array_to_seq","lasso",0.732600732600733
"MMR",21,"array_to_seq","elastic_net",0.772283272283272
"MMR",21,"array_to_seq","ridge",0.532356532356532
"MMR",21,"seq_to_array","lasso",0.522588522588523
"MMR",21,"seq_to_array","elastic_net",0.851648351648352
"MMR",21,"seq_to_array","ridge",0.694139194139194
"MMR",22,"array_to_seq","lasso",0.801587301587302
"MMR",22,"array_to_seq","elastic_net",0.84004884004884
"MMR",22,"array_to_seq","ridge",0.581807081807082
"MMR",22,"seq_to_array","lasso",0.857753357753358
"MMR",22,"seq_to_array","elastic_net",0.848595848595849
"MMR",22,"seq_to_array","ridge",0.784493284493284
"MMR",23,"array_to_seq","lasso",0.43040293040293
"MMR",23,"array_to_seq","elastic_net",0.631868131868132
"MMR",23,"array_to_seq","ridge",0.549450549450549
"MMR",23,"seq_to_array","lasso",0.827228327228327
"MMR",23,"seq_to_array","elastic_net",0.844322344322344
"MMR",23,"seq_to_array","ridge",0.634920634920635
"MMR",24,"array_to_seq","lasso",0.832722832722833
"MMR",24,"array_to_seq","elastic_net",0.831501831501832
"MMR",24,"array_to_seq","ridge",0.593101343101343
"MMR",24,"seq_to_array","lasso",0.870573870573871
"MMR",24,"seq_to_array","elastic_net",0.896825396825397
"MMR",24,"seq_to_array","ridge",0.744200244200244
"MMR",25,"array_to_seq","lasso",0.782051282051282
"MMR",25,"array_to_seq","elastic_net",0.759462759462759
"MMR",25,"array_to_seq","ridge",0.461538461538462
"MMR",25,"seq_to_array","lasso",0.821733821733822
"MMR",25,"seq_to_array","elastic_net",0.733211233211233
"MMR",25,"seq_to_array","ridge",0.570818070818071
"MMR",26,"array_to_seq","lasso",0.759462759462759
"MMR",26,"array_to_seq","elastic_net",0.782661782661783
"MMR",26,"array_to_seq","ridge",0.515262515262515
"MMR",26,"seq_to_array","lasso",0.821733821733822
"MMR",26,"seq_to_array","elastic_net",0.815628815628816
"MMR",26,"seq_to_array","ridge",0.71978021978022
"MMR",27,"array_to_seq","lasso",0.769230769230769
"MMR",27,"array_to_seq","elastic_net",0.822344322344322
"MMR",27,"array_to_seq","ridge",0.553113553113553
"MMR",27,"seq_to_array","lasso",0.793650793650794
"MMR",27,"seq_to_array","elastic_net",0.852869352869353
"MMR",27,"seq_to_array","ridge",0.576617826617827
"MMR",28,"array_to_seq","lasso",0.716117216117216
"MMR",28,"array_to_seq","elastic_net",0.728327228327228
"MMR",28,"array_to_seq","ridge",0.566544566544567
"MMR",28,"seq_to_array","lasso",0.847985347985348
"MMR",28,"seq_to_array","elastic_net",0.876068376068376
"MMR",28,"seq_to_array","ridge",0.815018315018315
"MMR",29,"array_to_seq","lasso",0.785103785103785
"MMR",29,"array_to_seq","elastic_net",0.711843711843712
"MMR",29,"array_to_seq","ridge",0.496336996336996
"MMR",29,"seq_to_array","lasso",0.858974358974359
"MMR",29,"seq_to_array","elastic_net",0.880952380952381
"MMR",29,"seq_to_array","ridge",0.793040293040293
"MMR",30,"array_to_seq","lasso",0.760683760683761
"MMR",30,"array_to_seq","elastic_net",0.799145299145299
"MMR",30,"array_to_seq","ridge",0.536630036630037
"MMR",30,"seq_to_array","lasso",0.847985347985348
"MMR",30,"seq_to_array","elastic_net",0.852258852258852
"MMR",30,"seq_to_array","ridge",0.591575091575092
"MMR",31,"array_to_seq","lasso",0.742979242979243
"MMR",31,"array_to_seq","elastic_net",0.759462759462759
"MMR",31,"array_to_seq","ridge",0.537851037851038
"MMR",31,"seq_to_array","lasso",0.818681318681319
"MMR",31,"seq_to_array","elastic_net",0.838827838827839
"MMR",31,"seq_to_array","ridge",0.644993894993895
"MMR",32,"array_to_seq","lasso",0.699023199023199
"MMR",32,"array_to_seq","elastic_net",0.763125763125763
"MMR",32,"array_to_seq","ridge",0.586691086691087
"MMR",32,"seq_to_array","lasso",0.80952380952381
"MMR",32,"seq_to_array","elastic_net",0.838217338217338
"MMR",32,"seq_to_array","ridge",0.842490842490842
"MMR",33,"array_to_seq","lasso",0.8003663003663
"MMR",33,"array_to_seq","elastic_net",0.816849816849817
"MMR",33,"array_to_seq","ridge",0.511599511599512
"MMR",33,"seq_to_array","lasso",0.891941391941392
"MMR",33,"seq_to_array","elastic_net",0.913919413919414
"MMR",33,"seq_to_array","ridge",0.702075702075702
"MMR",34,"array_to_seq","lasso",0.755799755799756
"MMR",34,"array_to_seq","elastic_net",0.815018315018315
"MMR",34,"array_to_seq","ridge",0.553113553113553
"MMR",34,"seq_to_array","lasso",0.810744810744811
"MMR",34,"seq_to_array","elastic_net",0.892551892551893
"MMR",34,"seq_to_array","ridge",0.734432234432234
"MMR",35,"array_to_seq","lasso",0.705738705738706
"MMR",35,"array_to_seq","elastic_net",0.685592185592186
"MMR",35,"array_to_seq","ridge",0.507936507936508
"MMR",35,"seq_to_array","lasso",0.866300366300366
"MMR",35,"seq_to_array","elastic_net",0.896214896214896
"MMR",35,"seq_to_array","ridge",0.516788766788767
"MMR",36,"array_to_seq","lasso",0.714896214896215
"MMR",36,"array_to_seq","elastic_net",0.755799755799756
"MMR",36,"array_to_seq","ridge",0.467032967032967
"MMR",36,"seq_to_array","lasso",0.861416361416361
"MMR",36,"seq_to_array","elastic_net",0.873626373626374
"MMR",36,"seq_to_array","ridge",0.52014652014652
"MMR",37,"array_to_seq","lasso",0.759462759462759
"MMR",37,"array_to_seq","elastic_net",0.78998778998779
"MMR",37,"array_to_seq","ridge",0.633699633699634
"MMR",37,"seq_to_array","lasso",0.88949938949939
"MMR",37,"seq_to_array","elastic_net",0.894383394383394
"MMR",37,"seq_to_array","ridge",0.562576312576313
"MMR",38,"array_to_seq","lasso",0.755189255189255
"MMR",38,"array_to_seq","elastic_net",0.768009768009768
"MMR",38,"array_to_seq","ridge",0.553724053724054
"MMR",38,"seq_to_array","lasso",0.839438339438339
"MMR",38,"seq_to_array","elastic_net",0.824786324786325
"MMR",38,"seq_to_array","ridge",0.547008547008547
"MMR",39,"array_to_seq","lasso",0.664835164835165
"MMR",39,"array_to_seq","elastic_net",0.711843711843712
"MMR",39,"array_to_seq","ridge",0.496947496947497
"MMR",39,"seq_to_array","lasso",0.846764346764347
"MMR",39,"seq_to_array","elastic_net",0.871794871794872
"MMR",39,"seq_to_array","ridge",0.816239316239316
"MMR",40,"array_to_seq","lasso",0.486568986568987
"MMR",40,"array_to_seq","elastic_net",0.8003663003663
"MMR",40,"array_to_seq","ridge",0.614163614163614
"MMR",40,"seq_to_array","lasso",0.838827838827839
"MMR",40,"seq_to_array","elastic_net",0.840659340659341
"MMR",40,"seq_to_array","ridge",0.581807081807082
"MMR",41,"array_to_seq","lasso",0.752747252747253
"MMR",41,"array_to_seq","elastic_net",0.775335775335775
"MMR",41,"array_to_seq","ridge",0.635531135531135
"MMR",41,"seq_to_array","lasso",0.825396825396825
"MMR",41,"seq_to_array","elastic_net",0.838217338217338
"MMR",41,"seq_to_array","ridge",0.57997557997558
"MMR",42,"array_to_seq","lasso",0.875457875457875
"MMR",42,"array_to_seq","elastic_net",0.878510378510378
"MMR",42,"array_to_seq","ridge",0.541514041514041
"MMR",42,"seq_to_array","lasso",0.854090354090354
"MMR",42,"seq_to_array","elastic_net",0.86996336996337
"MMR",42,"seq_to_array","ridge",0.488400488400488
"MMR",43,"array_to_seq","lasso",0.772893772893773
"MMR",43,"array_to_seq","elastic_net",0.826617826617827
"MMR",43,"array_to_seq","ridge",0.568986568986569
"MMR",43,"seq_to_array","lasso",0.808302808302808
"MMR",43,"seq_to_array","elastic_net",0.827838827838828
"MMR",43,"seq_to_array","ridge",0.766788766788767
"MMR",44,"array_to_seq","lasso",0.73015873015873
"MMR",44,"array_to_seq","elastic_net",0.900488400488401
"MMR",44,"array_to_seq","ridge",0.53968253968254
"MMR",44,"seq_to_array","lasso",0.855921855921856
"MMR",44,"seq_to_array","elastic_net",0.8998778998779
"MMR",44,"seq_to_array","ridge",0.804639804639805
"MMR",45,"array_to_seq","lasso",0.811965811965812
"MMR",45,"array_to_seq","elastic_net",0.863247863247863
"MMR",45,"array_to_seq","ridge",0.629426129426129
"MMR",45,"seq_to_array","lasso",0.868742368742369
"MMR",45,"seq_to_array","elastic_net",0.862637362637363
"MMR",45,"seq_to_array","ridge",0.752136752136752
"MMR",46,"array_to_seq","lasso",0.617216117216117
"MMR",46,"array_to_seq","elastic_net",0.576312576312576
"MMR",46,"array_to_seq","ridge",0.467032967032967
"MMR",46,"seq_to_array","lasso",0.83028083028083
"MMR",46,"seq_to_array","elastic_net",0.798534798534799
"MMR",46,"seq_to_array","ridge",0.780830280830281
"MMR",47,"array_to_seq","lasso",0.756410256410256
"MMR",47,"array_to_seq","elastic_net",0.804639804639805
"MMR",47,"array_to_seq","ridge",0.525641025641026
"MMR",47,"seq_to_array","lasso",0.826617826617827
"MMR",47,"seq_to_array","elastic_net",0.847374847374847
"MMR",47,"seq_to_array","ridge",0.726495726495726
"MMR",48,"array_to_seq","lasso",0.716117216117216
"MMR",48,"array_to_seq","elastic_net",0.712454212454212
"MMR",48,"array_to_seq","ridge",0.491452991452991
"MMR",48,"seq_to_array","lasso",0.826007326007326
"MMR",48,"seq_to_array","elastic_net",0.864468864468865
"MMR",48,"seq_to_array","ridge",0.708791208791209
"MMR",49,"array_to_seq","lasso",0.821123321123321
"MMR",49,"array_to_seq","elastic_net",0.744810744810745
"MMR",49,"array_to_seq","ridge",0.457875457875458
"MMR",49,"seq_to_array","lasso",0.841269841269841
"MMR",49,"seq_to_array","elastic_net",0.855311355311355
"MMR",49,"seq_to_array","ridge",0.614163614163614
"MMR",50,"array_to_seq","lasso",0.753968253968254
"MMR",50,"array_to_seq","elastic_net",0.80952380952381
"MMR",50,"array_to_seq","ridge",0.484126984126984
"MMR",50,"seq_to_array","lasso",0.593406593406593
"MMR",50,"seq_to_array","elastic_net",0.84981684981685
"MMR",50,"seq_to_array","ridge",0.584554334554335
